review,sentiment
"This product is amazing. I loved it!",positive
"Absolutely fantastic quality.",positive
"Very satisfied with my purchase.",positive
"Excellent product and fast delivery.",positive
"The quality is outstanding.",positive
"I highly recommend this product.",positive
"Superb performance and great value.",positive
"Worth every penny.",positive
"Best purchase I have ever made.",positive
"Very happy with the product.",positive
"The packaging was excellent.",positive
"It works perfectly.",positive
"I am impressed with the quality.",positive
"Five stars. Amazing experience.",positive
"Highly durable and easy to use.",positive
"Looks premium and performs well.",positive
"Awesome product!",positive
"Very useful and reliable.",positive
"I love this item.",positive
"Great quality for the price.",positive
"Worst product ever.",negative
"Very disappointed.",negative
"Completely useless.",negative
"Waste of money.",negative
"Poor quality material.",negative
"The product stopped working in one day.",negative
"I will never buy this again.",negative
"Terrible experience.",negative
"Very bad quality.",negative
"The packaging was damaged.",negative
"Not worth the price.",negative
"Battery drains very quickly.",negative
"I received a defective product.",negative
"The item broke after one use.",negative
"Extremely poor performance.",negative
"Customer service is terrible.",negative
"I hate this product.",negative
"Very frustrating to use.",negative
"Low quality and overpriced.",negative
"Do not recommend.",negative
"Excellent battery life.",positive
"The camera quality is fantastic.",positive
"Display is bright and clear.",positive
"Sound quality is excellent.",positive
"Charging speed is impressive.",positive
"The design is beautiful.",positive
"Smooth performance with no lag.",positive
"Easy to install and use.",positive
"Comfortable and lightweight.",positive
"Very reliable product.",positive
"The color is beautiful.",positive
"I am extremely happy.",positive
"The product exceeded expectations.",positive
"Fantastic quality and finish.",positive
"Highly satisfied.",positive
"The material feels premium.",positive
"The product arrived on time.",positive
"Perfect gift for anyone.",positive
"Works exactly as advertised.",positive
"Excellent value for money.",positive
"The charger stopped working.",negative
"Screen quality is poor.",negative
"The product arrived broken.",negative
"Not durable at all.",negative
"Very cheap quality.",negative
"Buttons stopped working.",negative
"Display has dead pixels.",negative
"Sound is too low.",negative
"Heating issue after one hour.",negative
"Bad customer support.",negative
"The product is fake.",negative
"I received the wrong item.",negative
"It doesn't work properly.",negative
"Extremely slow performance.",negative
"Very poor battery backup.",negative
"The product is disappointing.",negative
"Packaging was horrible.",negative
"Terrible build quality.",negative
"I regret buying this.",negative
"Waste of time and money.",negative